"SALE_DT","STORE","SALES"
2019-01-01 00:00:00.000,Store_a,0
2019-01-02 00:00:00.000,Store_a,16553359.58
2019-01-03 00:00:00.000,Store_a,17956624.58
2019-01-04 00:00:00.000,Store_a,19440652.23
2019-01-05 00:00:00.000,Store_a,20677704.73
2019-01-06 00:00:00.000,Store_a,22229914.3
2019-01-07 00:00:00.000,Store_a,18611285.74
2019-01-08 00:00:00.000,Store_a,20327526.89
2019-01-09 00:00:00.000,Store_a,15926751.58
2019-01-10 00:00:00.000,Store_a,17770385.52
2019-01-11 00:00:00.000,Store_a,21222195.54
2019-01-12 00:00:00.000,Store_a,32811640.57
2019-01-13 00:00:00.000,Store_a,26358546.62
2019-01-14 00:00:00.000,Store_a,15699242.9
2019-01-15 00:00:00.000,Store_a,15937546.65
2019-01-16 00:00:00.000,Store_a,17473079.34
2019-01-17 00:00:00.000,Store_a,17514345.94
2019-01-18 00:00:00.000,Store_a,21513057.01
2019-01-19 00:00:00.000,Store_a,34684055.92
2019-01-20 00:00:00.000,Store_a,27617407.25
2019-01-21 00:00:00.000,Store_a,15652131.1
2019-01-22 00:00:00.000,Store_a,16101814.95
2019-01-23 00:00:00.000,Store_a,16536648.09
2019-01-24 00:00:00.000,Store_a,17691757.48
2019-01-25 00:00:00.000,Store_a,22338164.78
2019-01-26 00:00:00.000,Store_a,32778540.61
2019-01-27 00:00:00.000,Store_a,24998200.37
2019-01-28 00:00:00.000,Store_a,15676747.01
2019-01-29 00:00:00.000,Store_a,15694531.31
2019-01-30 00:00:00.000,Store_a,16376431.88
2019-01-31 00:00:00.000,Store_a,17499519.76
2019-02-01 00:00:00.000,Store_a,23423628.07
2019-02-02 00:00:00.000,Store_a,35036467.79
2019-02-03 00:00:00.000,Store_a,28062182.15
2019-02-04 00:00:00.000,Store_a,15753448.67
2019-02-05 00:00:00.000,Store_a,17422713.82
2019-02-06 00:00:00.000,Store_a,18746717.79
2019-02-07 00:00:00.000,Store_a,19445723.81
2019-02-08 00:00:00.000,Store_a,24530238.14
2019-02-09 00:00:00.000,Store_a,36415795.34
2019-02-10 00:00:00.000,Store_a,29631411.43
2019-02-11 00:00:00.000,Store_a,17105838.95
2019-02-12 00:00:00.000,Store_a,16643454.42
2019-02-13 00:00:00.000,Store_a,16854928.17
2019-02-14 00:00:00.000,Store_a,19436824.67
2019-02-15 00:00:00.000,Store_a,23614800.21
2019-02-16 00:00:00.000,Store_a,33145766.18
2019-02-17 00:00:00.000,Store_a,26707894
2019-02-18 00:00:00.000,Store_a,15490043.61
2019-02-19 00:00:00.000,Store_a,16146056.13
2019-02-20 00:00:00.000,Store_a,17637205.31
2019-02-21 00:00:00.000,Store_a,19720741.12
2019-02-22 00:00:00.000,Store_a,23864119.94
2019-02-23 00:00:00.000,Store_a,33360120.9
2019-02-24 00:00:00.000,Store_a,26367326.66
2019-02-25 00:00:00.000,Store_a,16569550.56
2019-02-26 00:00:00.000,Store_a,16736774.91
2019-02-27 00:00:00.000,Store_a,18579306.72
2019-02-28 00:00:00.000,Store_a,19036131.54
2019-03-01 00:00:00.000,Store_a,24082987.87
2019-03-02 00:00:00.000,Store_a,39328302.07
2019-03-03 00:00:00.000,Store_a,32081932.45
2019-03-04 00:00:00.000,Store_a,20775349.57
2019-03-05 00:00:00.000,Store_a,23822441.06
2019-03-06 00:00:00.000,Store_a,32064138.93
2019-03-07 00:00:00.000,Store_a,32569701.35
2019-03-08 00:00:00.000,Store_a,29142944.07
2019-03-09 00:00:00.000,Store_a,25600968.94
2019-03-10 00:00:00.000,Store_a,23827823.05
2019-03-11 00:00:00.000,Store_a,16500993.61
2019-03-12 00:00:00.000,Store_a,16777782.67
2019-03-13 00:00:00.000,Store_a,17509098.56
2019-03-14 00:00:00.000,Store_a,18396348.56
2019-03-15 00:00:00.000,Store_a,22982900.99
2019-03-16 00:00:00.000,Store_a,35266827.1
2019-03-17 00:00:00.000,Store_a,28535488.91
2019-03-18 00:00:00.000,Store_a,15972791.27
2019-03-19 00:00:00.000,Store_a,15272829.09
2019-03-20 00:00:00.000,Store_a,17488420.46
2019-03-21 00:00:00.000,Store_a,17523558.97
2019-03-22 00:00:00.000,Store_a,20865754.08
2019-03-23 00:00:00.000,Store_a,33355284.82
2019-03-24 00:00:00.000,Store_a,26785464.98
2019-03-25 00:00:00.000,Store_a,15938193.62
2019-03-26 00:00:00.000,Store_a,15804875.02
2019-03-27 00:00:00.000,Store_a,16416571.74
2019-03-28 00:00:00.000,Store_a,17432946.52
2019-03-29 00:00:00.000,Store_a,20893607.48
2019-03-30 00:00:00.000,Store_a,30390872.61
2019-03-31 00:00:00.000,Store_a,24457859.11
2019-04-01 00:00:00.000,Store_a,14825984.53
2019-04-02 00:00:00.000,Store_a,14695770.95
2019-04-03 00:00:00.000,Store_a,15285473.11
2019-04-04 00:00:00.000,Store_a,17863317.39
2019-04-05 00:00:00.000,Store_a,23268045.22
2019-04-06 00:00:00.000,Store_a,34125527.2
2019-04-07 00:00:00.000,Store_a,27596950.65
2019-04-08 00:00:00.000,Store_a,16129928.57
2019-04-09 00:00:00.000,Store_a,16240586.02
2019-04-10 00:00:00.000,Store_a,17743720.91
2019-04-11 00:00:00.000,Store_a,19030887.11
2019-04-12 00:00:00.000,Store_a,23123182.69
2019-04-13 00:00:00.000,Store_a,32827740.4
2019-04-14 00:00:00.000,Store_a,28307225.16
2019-04-15 00:00:00.000,Store_a,17084794.84
2019-04-16 00:00:00.000,Store_a,16481831.47
2019-04-17 00:00:00.000,Store_a,17797067.77
2019-04-18 00:00:00.000,Store_a,18968341.16
2019-04-19 00:00:00.000,Store_a,23321230.85
2019-04-20 00:00:00.000,Store_a,30406808.51
2019-04-21 00:00:00.000,Store_a,27146577.18
2019-04-22 00:00:00.000,Store_a,17319006.35
2019-04-23 00:00:00.000,Store_a,17505614.32
2019-04-24 00:00:00.000,Store_a,19691298.8
2019-04-25 00:00:00.000,Store_a,20747297.55
2019-04-26 00:00:00.000,Store_a,25473910.61
2019-04-27 00:00:00.000,Store_a,30353350.16
2019-04-28 00:00:00.000,Store_a,23967199.02
2019-04-29 00:00:00.000,Store_a,18604809.42
2019-04-30 00:00:00.000,Store_a,23975599.22
2019-05-01 00:00:00.000,Store_a,24084809.71
2019-05-02 00:00:00.000,Store_a,20846145.49
2019-05-03 00:00:00.000,Store_a,19291486.87
2019-05-04 00:00:00.000,Store_a,19424668.32
2019-05-05 00:00:00.000,Store_a,21751197.94
2019-05-06 00:00:00.000,Store_a,18384196.2
2019-05-07 00:00:00.000,Store_a,19549455.4
2019-05-08 00:00:00.000,Store_a,23857741.09
2019-05-09 00:00:00.000,Store_a,18476466.97
2019-05-10 00:00:00.000,Store_a,15939612.66
2019-05-11 00:00:00.000,Store_a,20663699.8
2019-05-12 00:00:00.000,Store_a,21841292.4
2019-05-13 00:00:00.000,Store_a,16785182.73
2019-05-14 00:00:00.000,Store_a,16979393.13
2019-05-15 00:00:00.000,Store_a,17117540.83
2019-05-16 00:00:00.000,Store_a,19606548.27
2019-05-17 00:00:00.000,Store_a,21531224.62
2019-05-18 00:00:00.000,Store_a,26210831.76
2019-05-19 00:00:00.000,Store_a,22639041.64
2019-05-20 00:00:00.000,Store_a,16166639.45
2019-05-21 00:00:00.000,Store_a,15953487.11
2019-05-22 00:00:00.000,Store_a,17605565.5
2019-05-23 00:00:00.000,Store_a,17251405.95
2019-05-24 00:00:00.000,Store_a,21939287.03
2019-05-25 00:00:00.000,Store_a,25902898.6
2019-05-26 00:00:00.000,Store_a,23741292.04
2019-05-27 00:00:00.000,Store_a,15969634.71
2019-05-28 00:00:00.000,Store_a,15887312.61
2019-05-29 00:00:00.000,Store_a,16727477.87
2019-05-30 00:00:00.000,Store_a,17542664.73
2019-05-31 00:00:00.000,Store_a,22136153.21
2019-06-01 00:00:00.000,Store_a,24349864.69
2019-06-02 00:00:00.000,Store_a,22376225.83
2019-06-03 00:00:00.000,Store_a,16912919.6
2019-06-04 00:00:00.000,Store_a,16661856.01
2019-06-05 00:00:00.000,Store_a,17432904.17
2019-06-06 00:00:00.000,Store_a,19611835.77
2019-06-07 00:00:00.000,Store_a,22088397.59
2019-06-08 00:00:00.000,Store_a,22689491.26
2019-06-09 00:00:00.000,Store_a,20465574.06
2019-06-10 00:00:00.000,Store_a,16484826.73
2019-06-11 00:00:00.000,Store_a,17363284.49
2019-06-12 00:00:00.000,Store_a,23947779.37
2019-06-13 00:00:00.000,Store_a,16985851.99
2019-06-14 00:00:00.000,Store_a,18250747.62
2019-06-15 00:00:00.000,Store_a,22366340.15
2019-06-16 00:00:00.000,Store_a,20029705.5
2019-06-17 00:00:00.000,Store_a,14620337.67
2019-06-18 00:00:00.000,Store_a,15149935.96
2019-06-19 00:00:00.000,Store_a,16287469.99
2019-06-20 00:00:00.000,Store_a,17636185.84
2019-06-21 00:00:00.000,Store_a,19601076.07
2019-06-22 00:00:00.000,Store_a,21497690.37
2019-06-23 00:00:00.000,Store_a,20139513.91
2019-06-24 00:00:00.000,Store_a,14876343.73
2019-06-25 00:00:00.000,Store_a,15273305.75
2019-06-26 00:00:00.000,Store_a,15662357.94
2019-06-27 00:00:00.000,Store_a,16592106.5
2019-06-28 00:00:00.000,Store_a,19544601.67
2019-06-29 00:00:00.000,Store_a,27080872
2019-06-30 00:00:00.000,Store_a,23094149.69
2019-07-01 00:00:00.000,Store_a,14984797.96
2019-07-02 00:00:00.000,Store_a,14764369.31
2019-07-03 00:00:00.000,Store_a,16132567.35
2019-07-04 00:00:00.000,Store_a,18232805.65
2019-07-05 00:00:00.000,Store_a,20193850.65
2019-07-06 00:00:00.000,Store_a,24001652.1
2019-07-07 00:00:00.000,Store_a,20838193.48
2019-07-08 00:00:00.000,Store_a,15180029.66
2019-07-09 00:00:00.000,Store_a,15139601.59
2019-07-10 00:00:00.000,Store_a,17818850.61
2019-07-11 00:00:00.000,Store_a,18673819.79
2019-07-12 00:00:00.000,Store_a,21367925.7
2019-07-13 00:00:00.000,Store_a,23452390.95
2019-07-14 00:00:00.000,Store_a,21983063.19
2019-07-15 00:00:00.000,Store_a,14408696.68
2019-07-16 00:00:00.000,Store_a,14634131.59
2019-07-17 00:00:00.000,Store_a,15795212.7
2019-07-18 00:00:00.000,Store_a,16937045.51
2019-07-19 00:00:00.000,Store_a,19207880.67
2019-07-20 00:00:00.000,Store_a,22476591.89
2019-07-21 00:00:00.000,Store_a,19628552.92
2019-07-22 00:00:00.000,Store_a,14158196.57
2019-07-23 00:00:00.000,Store_a,14924320.09
2019-07-24 00:00:00.000,Store_a,16254783.8
2019-07-25 00:00:00.000,Store_a,16923520.58
2019-07-26 00:00:00.000,Store_a,18544915.63
2019-07-27 00:00:00.000,Store_a,19346195.57
2019-07-28 00:00:00.000,Store_a,19014321.79
2019-07-29 00:00:00.000,Store_a,14530097.89
2019-07-30 00:00:00.000,Store_a,14841869.53
2019-07-31 00:00:00.000,Store_a,16765495.42
2019-08-01 00:00:00.000,Store_a,18134235.67
2019-08-02 00:00:00.000,Store_a,20044465.13
2019-08-03 00:00:00.000,Store_a,23285090.34
2019-08-04 00:00:00.000,Store_a,20940758.91
2019-08-05 00:00:00.000,Store_a,15697089.4
2019-08-06 00:00:00.000,Store_a,16489154.28
2019-08-07 00:00:00.000,Store_a,16412271.05
2019-08-08 00:00:00.000,Store_a,17416653.15
2019-08-09 00:00:00.000,Store_a,19422726.27
2019-08-10 00:00:00.000,Store_a,24144552.76
2019-08-11 00:00:00.000,Store_a,20333958.82
2019-08-12 00:00:00.000,Store_a,14474309.94
2019-08-13 00:00:00.000,Store_a,14760383.85
2019-08-14 00:00:00.000,Store_a,15835431.65
2019-08-15 00:00:00.000,Store_a,16116173.36
2019-08-16 00:00:00.000,Store_a,18656307.77
2019-08-17 00:00:00.000,Store_a,22859821.77
2019-08-18 00:00:00.000,Store_a,21098355.87
2019-08-19 00:00:00.000,Store_a,14725398.87
2019-08-20 00:00:00.000,Store_a,14627879.55
2019-08-21 00:00:00.000,Store_a,15458959.96
2019-08-22 00:00:00.000,Store_a,16570571.02
2019-08-23 00:00:00.000,Store_a,18901447.51
2019-08-24 00:00:00.000,Store_a,21499570.36
2019-08-25 00:00:00.000,Store_a,20800210.79
2019-08-26 00:00:00.000,Store_a,15525780.89
2019-08-27 00:00:00.000,Store_a,16367712.09
2019-08-28 00:00:00.000,Store_a,18066150.81
2019-08-29 00:00:00.000,Store_a,18522487.37
2019-08-30 00:00:00.000,Store_a,20670925.87
2019-08-31 00:00:00.000,Store_a,26724598.3
2019-09-01 00:00:00.000,Store_a,26748598.6
2019-09-02 00:00:00.000,Store_a,15818995.03
2019-09-03 00:00:00.000,Store_a,15732553.43
2019-09-04 00:00:00.000,Store_a,16590723.25
2019-09-05 00:00:00.000,Store_a,17824470.54
2019-09-06 00:00:00.000,Store_a,20326078.31
2019-09-07 00:00:00.000,Store_a,23071998.46
2019-09-08 00:00:00.000,Store_a,21283049.55
2019-09-09 00:00:00.000,Store_a,14956102.08
2019-09-10 00:00:00.000,Store_a,14737535.34
2019-09-11 00:00:00.000,Store_a,15653638.71
2019-09-12 00:00:00.000,Store_a,16035918.89
2019-09-13 00:00:00.000,Store_a,18859175.08
2019-09-14 00:00:00.000,Store_a,24337609.1
2019-09-15 00:00:00.000,Store_a,22688573.27
2019-09-16 00:00:00.000,Store_a,15285380
2019-09-17 00:00:00.000,Store_a,14978964.17
2019-09-18 00:00:00.000,Store_a,15105863.7
2019-09-19 00:00:00.000,Store_a,16185767.92
2019-09-20 00:00:00.000,Store_a,19814527.89
2019-09-21 00:00:00.000,Store_a,26971982.7
2019-09-22 00:00:00.000,Store_a,24064871.24
2019-09-23 00:00:00.000,Store_a,15416170.79
2019-09-24 00:00:00.000,Store_a,14922108.88
2019-09-25 00:00:00.000,Store_a,15566354.83
2019-09-26 00:00:00.000,Store_a,16468188.08
2019-09-27 00:00:00.000,Store_a,19171841.29
2019-09-28 00:00:00.000,Store_a,24002337.92
2019-09-29 00:00:00.000,Store_a,22743057.52
2019-09-30 00:00:00.000,Store_a,14290880.32
2019-10-01 00:00:00.000,Store_a,15379109.1
2019-10-02 00:00:00.000,Store_a,15467181.96
2019-10-03 00:00:00.000,Store_a,16621407.76
2019-10-04 00:00:00.000,Store_a,19764133.43
2019-10-05 00:00:00.000,Store_a,27328373.64
2019-10-06 00:00:00.000,Store_a,25401072.05
2019-10-07 00:00:00.000,Store_a,15733499.52
2019-10-08 00:00:00.000,Store_a,15342314.08
2019-10-09 00:00:00.000,Store_a,16208336.28
2019-10-10 00:00:00.000,Store_a,16660365.37
2019-10-11 00:00:00.000,Store_a,21213687.35
2019-10-12 00:00:00.000,Store_a,28298212.69
2019-10-13 00:00:00.000,Store_a,24265284.26
2019-10-14 00:00:00.000,Store_a,14240565.24
2019-10-15 00:00:00.000,Store_a,14702390.09
2019-10-16 00:00:00.000,Store_a,15815583.71
2019-10-17 00:00:00.000,Store_a,15144585.53
2019-10-18 00:00:00.000,Store_a,19614593.28
2019-10-19 00:00:00.000,Store_a,26704874.61
2019-10-20 00:00:00.000,Store_a,22332163.83
2019-10-21 00:00:00.000,Store_a,13842163.52
2019-10-22 00:00:00.000,Store_a,14196218.9
2019-10-23 00:00:00.000,Store_a,14807148.51
2019-10-24 00:00:00.000,Store_a,15121375.18
2019-10-25 00:00:00.000,Store_a,19273656.2
2019-10-26 00:00:00.000,Store_a,26530232.82
2019-10-27 00:00:00.000,Store_a,22550495.71
2019-10-28 00:00:00.000,Store_a,14349305.85
2019-10-29 00:00:00.000,Store_a,13858198.87
2019-10-30 00:00:00.000,Store_a,15934931.16
2019-10-31 00:00:00.000,Store_a,16869950.11
2019-11-01 00:00:00.000,Store_a,20892423.46
2019-11-02 00:00:00.000,Store_a,29238786.38
2019-11-03 00:00:00.000,Store_a,24037645.69
2019-11-04 00:00:00.000,Store_a,21405948.74
2019-11-05 00:00:00.000,Store_a,14382203.09
2019-11-06 00:00:00.000,Store_a,15700995.7
2019-11-07 00:00:00.000,Store_a,17370794.85
2019-11-08 00:00:00.000,Store_a,20611002.64
2019-11-09 00:00:00.000,Store_a,30967151.64
2019-11-10 00:00:00.000,Store_a,25657497.24
2019-11-11 00:00:00.000,Store_a,15233899.98
2019-11-12 00:00:00.000,Store_a,14852545.09
2019-11-13 00:00:00.000,Store_a,15842531.67
2019-11-14 00:00:00.000,Store_a,16575678.1
2019-11-15 00:00:00.000,Store_a,21004787.87
2019-11-16 00:00:00.000,Store_a,31196853.96
2019-11-17 00:00:00.000,Store_a,26347564.85
2019-11-18 00:00:00.000,Store_a,14805450.76
2019-11-19 00:00:00.000,Store_a,14933893.18
2019-11-20 00:00:00.000,Store_a,16500436.34
2019-11-21 00:00:00.000,Store_a,16436685.04
2019-11-22 00:00:00.000,Store_a,21113899.31
2019-11-23 00:00:00.000,Store_a,31448569.97
2019-11-24 00:00:00.000,Store_a,26932518.61
2019-11-25 00:00:00.000,Store_a,16375788.74
2019-11-26 00:00:00.000,Store_a,16440509.04
2019-11-27 00:00:00.000,Store_a,17466750.3
2019-11-28 00:00:00.000,Store_a,17642102.55
2019-11-29 00:00:00.000,Store_a,22567388.63
2019-11-30 00:00:00.000,Store_a,33101011.56
2019-12-01 00:00:00.000,Store_a,28690313.82
2019-12-02 00:00:00.000,Store_a,16529748.66
2019-12-03 00:00:00.000,Store_a,15917346.53
2019-12-04 00:00:00.000,Store_a,18109257.85
2019-12-05 00:00:00.000,Store_a,19616721.97
2019-12-06 00:00:00.000,Store_a,24803369.5
2019-12-07 00:00:00.000,Store_a,36535857.93
2019-12-08 00:00:00.000,Store_a,32403904.78
2019-12-09 00:00:00.000,Store_a,18677337.18
2019-12-10 00:00:00.000,Store_a,19311470.94
2019-12-11 00:00:00.000,Store_a,20282758.88
2019-12-12 00:00:00.000,Store_a,20946400.19
2019-12-13 00:00:00.000,Store_a,24958541.14
2019-12-14 00:00:00.000,Store_a,39317879.77
2019-12-15 00:00:00.000,Store_a,33297157.18
2019-12-16 00:00:00.000,Store_a,20699769.58
2019-12-17 00:00:00.000,Store_a,20304017.4
2019-12-18 00:00:00.000,Store_a,23905061.67
2019-12-19 00:00:00.000,Store_a,22490179.38
2019-12-20 00:00:00.000,Store_a,27250960.63
2019-12-21 00:00:00.000,Store_a,41701624.59
2019-12-22 00:00:00.000,Store_a,38026545.8
2019-12-23 00:00:00.000,Store_a,25289849.29
2019-12-24 00:00:00.000,Store_a,27078493.52
2019-12-25 00:00:00.000,Store_a,29029515.16
2019-12-26 00:00:00.000,Store_a,33213583.1
2019-12-27 00:00:00.000,Store_a,33887294.46
2019-12-28 00:00:00.000,Store_a,49800999.64
2019-12-29 00:00:00.000,Store_a,51234813.9
2019-12-30 00:00:00.000,Store_a,45317555.39
2019-12-31 00:00:00.000,Store_a,30771440.68
2020-01-01 00:00:00.000,Store_a,0
2020-01-02 00:00:00.000,Store_a,15476403.59
2020-01-03 00:00:00.000,Store_a,16534193.02
2020-01-04 00:00:00.000,Store_a,17666934.23
2020-01-05 00:00:00.000,Store_a,18241577.8
2020-01-06 00:00:00.000,Store_a,18713022.93
2020-01-07 00:00:00.000,Store_a,16032657.49
2020-01-08 00:00:00.000,Store_a,16808738.22
2020-01-09 00:00:00.000,Store_a,14035122.53
2020-01-10 00:00:00.000,Store_a,17496522.1
2020-01-11 00:00:00.000,Store_a,24587259.84
2020-01-12 00:00:00.000,Store_a,21694255.25
2020-01-13 00:00:00.000,Store_a,14558633.73
2020-01-14 00:00:00.000,Store_a,13666587.55
2020-01-15 00:00:00.000,Store_a,14816836.04
2020-01-16 00:00:00.000,Store_a,15352570.04
2020-01-17 00:00:00.000,Store_a,19034677.43
2020-01-18 00:00:00.000,Store_a,28802438
2020-01-19 00:00:00.000,Store_a,22730445.73
2020-01-20 00:00:00.000,Store_a,14348723
2020-01-21 00:00:00.000,Store_a,13825801.2
2020-01-22 00:00:00.000,Store_a,14693531.75
2020-01-23 00:00:00.000,Store_a,15287210.18
2020-01-24 00:00:00.000,Store_a,19633047.35
2020-01-25 00:00:00.000,Store_a,29403945.07
2020-01-26 00:00:00.000,Store_a,24049496.97
2020-01-27 00:00:00.000,Store_a,13753519.97
2020-01-28 00:00:00.000,Store_a,13002748.57
2020-01-29 00:00:00.000,Store_a,14095898.8
2020-01-30 00:00:00.000,Store_a,14882424.02
2020-01-31 00:00:00.000,Store_a,20013176.89
2020-02-01 00:00:00.000,Store_a,29912264.95
2020-02-02 00:00:00.000,Store_a,23285756.45
2020-02-03 00:00:00.000,Store_a,13855943.62
2020-02-04 00:00:00.000,Store_a,13246582.89
2020-02-05 00:00:00.000,Store_a,15489851.83
2020-02-06 00:00:00.000,Store_a,16372188
2020-02-07 00:00:00.000,Store_a,20589890.54
2020-02-08 00:00:00.000,Store_a,31574886.15
2020-02-09 00:00:00.000,Store_a,26111829.39
2020-02-10 00:00:00.000,Store_a,15449442.47
2020-02-11 00:00:00.000,Store_a,14447998
2020-02-12 00:00:00.000,Store_a,15840624.1
2020-02-13 00:00:00.000,Store_a,17296472.64
2020-02-14 00:00:00.000,Store_a,20760858.3
2020-02-15 00:00:00.000,Store_a,30930678.33
2020-02-16 00:00:00.000,Store_a,25794796.16
2020-02-17 00:00:00.000,Store_a,14652388.43
2020-02-18 00:00:00.000,Store_a,15182677.08
2020-02-19 00:00:00.000,Store_a,17151570.12
2020-02-20 00:00:00.000,Store_a,19096482.45
2020-02-21 00:00:00.000,Store_a,21945670.35
2020-02-22 00:00:00.000,Store_a,30476550.52
2020-02-23 00:00:00.000,Store_a,22323831.67
2020-02-24 00:00:00.000,Store_a,19091784.31
2020-02-25 00:00:00.000,Store_a,13941086.36
2020-02-26 00:00:00.000,Store_a,14553449.4
2020-02-27 00:00:00.000,Store_a,15481403.11
2020-02-28 00:00:00.000,Store_a,20765067.43
2020-02-29 00:00:00.000,Store_a,30846722.47
2020-03-01 00:00:00.000,Store_a,25142487.24
2020-03-02 00:00:00.000,Store_a,15874901.15
2020-03-03 00:00:00.000,Store_a,18338157.81
2020-03-04 00:00:00.000,Store_a,21802465.92
2020-03-05 00:00:00.000,Store_a,26864528.76
2020-03-06 00:00:00.000,Store_a,27661703.87
2020-03-07 00:00:00.000,Store_a,35847483.84
2020-03-08 00:00:00.000,Store_a,22692301.04
2020-03-09 00:00:00.000,Store_a,20874804.03
2020-03-10 00:00:00.000,Store_a,14836252.66
2020-03-11 00:00:00.000,Store_a,16181400.52
2020-03-12 00:00:00.000,Store_a,16745738.44
2020-03-13 00:00:00.000,Store_a,22216140.53
2020-03-14 00:00:00.000,Store_a,37097312.69
2020-03-15 00:00:00.000,Store_a,30472976.44
2020-03-16 00:00:00.000,Store_a,25365069.18
2020-03-17 00:00:00.000,Store_a,30930662.57
2020-03-18 00:00:00.000,Store_a,23352397.18
2020-03-19 00:00:00.000,Store_a,18685441.34
2020-03-20 00:00:00.000,Store_a,19085849.52
2020-03-21 00:00:00.000,Store_a,25005867.08
2020-03-22 00:00:00.000,Store_a,19960946.41
2020-03-23 00:00:00.000,Store_a,12811089.65
2020-03-24 00:00:00.000,Store_a,13297558.21
2020-03-25 00:00:00.000,Store_a,16291153.37
2020-03-26 00:00:00.000,Store_a,20389285.19
2020-03-27 00:00:00.000,Store_a,22550157.72
2020-03-28 00:00:00.000,Store_a,19729802.88
2020-03-29 00:00:00.000,Store_a,15235548.28
2020-03-30 00:00:00.000,Store_a,10436843.22
2020-03-31 00:00:00.000,Store_a,9069722.61
2020-04-01 00:00:00.000,Store_a,10118538.58
2020-04-02 00:00:00.000,Store_a,11490731.04
2020-04-03 00:00:00.000,Store_a,13210309.57
2020-04-04 00:00:00.000,Store_a,14044376.65
2020-04-05 00:00:00.000,Store_a,12049507.69
2020-04-06 00:00:00.000,Store_a,10216684.32
2020-04-07 00:00:00.000,Store_a,11059306.87
2020-04-08 00:00:00.000,Store_a,10486887.51
2020-04-09 00:00:00.000,Store_a,10957901.16
2020-04-10 00:00:00.000,Store_a,13480678.34
2020-04-11 00:00:00.000,Store_a,20237945.91
2020-04-12 00:00:00.000,Store_a,18671042.95
2020-04-13 00:00:00.000,Store_a,9754057.18
2020-04-14 00:00:00.000,Store_a,12298434.7
2020-04-15 00:00:00.000,Store_a,7231547.37
2020-04-16 00:00:00.000,Store_a,9456171.57
2020-04-17 00:00:00.000,Store_a,11950793.44
2020-04-18 00:00:00.000,Store_a,14181124.36
2020-04-19 00:00:00.000,Store_a,8321629.39
2020-04-20 00:00:00.000,Store_a,8329791.4
2020-04-21 00:00:00.000,Store_a,9802898.89
2020-04-22 00:00:00.000,Store_a,9057470.58
2020-04-23 00:00:00.000,Store_a,10520068.92
2020-04-24 00:00:00.000,Store_a,12242857.92
2020-04-25 00:00:00.000,Store_a,14956408.69
2020-04-26 00:00:00.000,Store_a,12426533.05
2020-04-27 00:00:00.000,Store_a,9109893.29
2020-04-28 00:00:00.000,Store_a,9520905.62
2020-04-29 00:00:00.000,Store_a,12018997.7
2020-04-30 00:00:00.000,Store_a,14756959.22
2020-05-01 00:00:00.000,Store_a,13550152.32
2020-05-02 00:00:00.000,Store_a,12124451.37
2020-05-03 00:00:00.000,Store_a,9862723.32
2020-05-04 00:00:00.000,Store_a,9692083.27
2020-05-05 00:00:00.000,Store_a,10088927.11
2020-05-06 00:00:00.000,Store_a,10619131.3
2020-05-07 00:00:00.000,Store_a,11913830.99
2020-05-08 00:00:00.000,Store_a,14139367.06
2020-05-09 00:00:00.000,Store_a,11884343.97
2020-05-10 00:00:00.000,Store_a,12612568.94
2020-05-11 00:00:00.000,Store_a,11975621.11
2020-05-12 00:00:00.000,Store_a,10244234.85
2020-05-13 00:00:00.000,Store_a,11538880.08
2020-05-14 00:00:00.000,Store_a,12459402.71
2020-05-15 00:00:00.000,Store_a,15209656.22
2020-05-16 00:00:00.000,Store_a,17423703.17
2020-05-17 00:00:00.000,Store_a,14655105.53
2020-05-18 00:00:00.000,Store_a,10766714.26
2020-05-19 00:00:00.000,Store_a,11690084.46
2020-05-20 00:00:00.000,Store_a,12217459.72
2020-05-21 00:00:00.000,Store_a,13511870.88
2020-05-22 00:00:00.000,Store_a,15639160.43
2020-05-23 00:00:00.000,Store_a,19298963.89
2020-05-24 00:00:00.000,Store_a,15861179.28
2020-05-25 00:00:00.000,Store_a,10713659.4
2020-05-26 00:00:00.000,Store_a,11077880.87
2020-05-27 00:00:00.000,Store_a,11938149.01
2020-05-28 00:00:00.000,Store_a,13337629.43
2020-05-29 00:00:00.000,Store_a,13447737.86
2020-05-30 00:00:00.000,Store_a,17088116.65
2020-05-31 00:00:00.000,Store_a,14550603.38
2020-06-01 00:00:00.000,Store_a,12021480.16
2020-06-02 00:00:00.000,Store_a,11484490.48
2020-06-03 00:00:00.000,Store_a,12076457.01
2020-06-04 00:00:00.000,Store_a,14162312.23
2020-06-05 00:00:00.000,Store_a,15642871.53
2020-06-06 00:00:00.000,Store_a,18220382.05
2020-06-07 00:00:00.000,Store_a,15106891.56
2020-06-08 00:00:00.000,Store_a,11159347.67
2020-06-09 00:00:00.000,Store_a,13393859.05
2020-06-10 00:00:00.000,Store_a,14096281.03
2020-06-11 00:00:00.000,Store_a,16989882.63
2020-06-12 00:00:00.000,Store_a,17846109.89
2020-06-13 00:00:00.000,Store_a,15914898.12
2020-06-14 00:00:00.000,Store_a,14852579.45
2020-06-15 00:00:00.000,Store_a,12276944.02
2020-06-16 00:00:00.000,Store_a,12533028.42
2020-06-17 00:00:00.000,Store_a,12428673.67
2020-06-18 00:00:00.000,Store_a,13815257.54
2020-06-19 00:00:00.000,Store_a,15387711.25
2020-06-20 00:00:00.000,Store_a,18147453.45
2020-06-21 00:00:00.000,Store_a,17416957.58
2020-06-22 00:00:00.000,Store_a,12573741.05
2020-06-23 00:00:00.000,Store_a,12462385.81
2020-06-24 00:00:00.000,Store_a,16369541.2
2020-06-25 00:00:00.000,Store_a,13277284.21
2020-06-26 00:00:00.000,Store_a,14895393.21
2020-06-27 00:00:00.000,Store_a,15488733.67
2020-06-28 00:00:00.000,Store_a,15488764.14
2020-06-29 00:00:00.000,Store_a,12285537.78
2020-06-30 00:00:00.000,Store_a,12708524.25
2020-07-01 00:00:00.000,Store_a,19130112.36
2020-07-02 00:00:00.000,Store_a,12672444.02
2020-07-03 00:00:00.000,Store_a,15282641.34
2020-07-04 00:00:00.000,Store_a,18601750.01
2020-07-05 00:00:00.000,Store_a,15420860.4
2020-07-06 00:00:00.000,Store_a,11782777.14
2020-07-07 00:00:00.000,Store_a,11483373.29
2020-07-08 00:00:00.000,Store_a,12257885.97
2020-07-09 00:00:00.000,Store_a,14612233.05
2020-07-10 00:00:00.000,Store_a,15844646.22
2020-07-11 00:00:00.000,Store_a,17537377.3
2020-07-12 00:00:00.000,Store_a,15092520.21
2020-07-13 00:00:00.000,Store_a,11554171.79
2020-07-14 00:00:00.000,Store_a,11966226.61
2020-07-15 00:00:00.000,Store_a,13742880.34
2020-07-16 00:00:00.000,Store_a,15268832.41
2020-07-17 00:00:00.000,Store_a,15843444.27
2020-07-18 00:00:00.000,Store_a,18486840.95
2020-07-19 00:00:00.000,Store_a,16289529.69
2020-07-20 00:00:00.000,Store_a,11554484.04
2020-07-21 00:00:00.000,Store_a,11348983.21
2020-07-22 00:00:00.000,Store_a,12354956.22
2020-07-23 00:00:00.000,Store_a,13660079.05
2020-07-24 00:00:00.000,Store_a,14956843.78
2020-07-25 00:00:00.000,Store_a,17193801.62
2020-07-26 00:00:00.000,Store_a,15015844.78
2020-07-27 00:00:00.000,Store_a,11051596.59
2020-07-28 00:00:00.000,Store_a,10180621.5
2020-07-29 00:00:00.000,Store_a,12574389.07
2020-07-30 00:00:00.000,Store_a,13377123.88
2020-07-31 00:00:00.000,Store_a,15245389.35
2020-08-01 00:00:00.000,Store_a,17809886.92
2020-08-02 00:00:00.000,Store_a,15449285.22
2020-08-03 00:00:00.000,Store_a,8945955.33
2020-08-04 00:00:00.000,Store_a,12318736.84
2020-08-05 00:00:00.000,Store_a,12792468.35
2020-08-06 00:00:00.000,Store_a,13953757.25
2020-08-07 00:00:00.000,Store_a,12711607.82
2020-08-08 00:00:00.000,Store_a,16809011.62
2020-08-09 00:00:00.000,Store_a,15008003.73
2020-08-10 00:00:00.000,Store_a,11963423.88
2020-08-11 00:00:00.000,Store_a,12644834
2020-08-12 00:00:00.000,Store_a,11363950.34
2020-08-13 00:00:00.000,Store_a,14244135.01
2020-08-14 00:00:00.000,Store_a,13861692.66
2020-08-15 00:00:00.000,Store_a,18582187.38
2020-08-16 00:00:00.000,Store_a,16625310.82
2020-08-17 00:00:00.000,Store_a,12609275.94
2020-08-18 00:00:00.000,Store_a,11949395.53
2020-08-19 00:00:00.000,Store_a,12347090.57
2020-08-20 00:00:00.000,Store_a,12301500.55
2020-08-21 00:00:00.000,Store_a,15539153.45
2020-08-22 00:00:00.000,Store_a,17387551.08
2020-08-23 00:00:00.000,Store_a,16237440.34
2020-08-24 00:00:00.000,Store_a,12628340.46
2020-08-25 00:00:00.000,Store_a,12842097.98
2020-08-26 00:00:00.000,Store_a,13134468.25
2020-08-27 00:00:00.000,Store_a,14870208.04
2020-08-28 00:00:00.000,Store_a,17242304.1
2020-08-29 00:00:00.000,Store_a,21820160.11
2020-08-30 00:00:00.000,Store_a,21216919.13
2020-08-31 00:00:00.000,Store_a,15826433.2
2020-09-01 00:00:00.000,Store_a,13901138.42
2020-09-02 00:00:00.000,Store_a,14293148.64
2020-09-03 00:00:00.000,Store_a,14293017.51
2020-09-04 00:00:00.000,Store_a,16209416.39
2020-09-05 00:00:00.000,Store_a,20275709.88
2020-09-06 00:00:00.000,Store_a,18463791.06
2020-09-07 00:00:00.000,Store_a,12579111.28
2020-09-08 00:00:00.000,Store_a,11914376.05
2020-09-09 00:00:00.000,Store_a,13792493.26
2020-09-10 00:00:00.000,Store_a,15075703.97
2020-09-11 00:00:00.000,Store_a,18190034.41
2020-09-12 00:00:00.000,Store_a,21155357.23
2020-09-13 00:00:00.000,Store_a,18834179.44
2020-09-14 00:00:00.000,Store_a,13469129.5
2020-09-15 00:00:00.000,Store_a,13248601.36
2020-09-16 00:00:00.000,Store_a,13978817.03
2020-09-17 00:00:00.000,Store_a,12924697.05
2020-09-18 00:00:00.000,Store_a,19095554.96
2020-09-19 00:00:00.000,Store_a,22662952.15
2020-09-20 00:00:00.000,Store_a,19589752.53
2020-09-21 00:00:00.000,Store_a,12937655.51
2020-09-22 00:00:00.000,Store_a,12416870.56
2020-09-23 00:00:00.000,Store_a,12846020.21
2020-09-24 00:00:00.000,Store_a,13248641.83
2020-09-25 00:00:00.000,Store_a,16300978.7
2020-09-26 00:00:00.000,Store_a,19171085.91
2020-09-27 00:00:00.000,Store_a,18250597.89
2020-09-28 00:00:00.000,Store_a,12226063.48
2020-09-29 00:00:00.000,Store_a,13045147.28
2020-09-30 00:00:00.000,Store_a,13487104
2020-10-01 00:00:00.000,Store_a,14158160.5
2020-10-02 00:00:00.000,Store_a,16516231.28
2020-10-03 00:00:00.000,Store_a,20311796.21
2020-10-04 00:00:00.000,Store_a,17788855.63
2020-10-05 00:00:00.000,Store_a,12690720.26
2020-10-06 00:00:00.000,Store_a,12392243.68
2020-10-07 00:00:00.000,Store_a,13669621.9
2020-10-08 00:00:00.000,Store_a,13753257.48
2020-10-09 00:00:00.000,Store_a,14398511.64
2020-10-10 00:00:00.000,Store_a,20915805.16
2020-10-11 00:00:00.000,Store_a,17465334.45
2020-10-12 00:00:00.000,Store_a,11176004.58
2020-10-13 00:00:00.000,Store_a,10653994.5
2020-10-14 00:00:00.000,Store_a,11561236.89
2020-10-15 00:00:00.000,Store_a,12482635.03
2020-10-16 00:00:00.000,Store_a,14929191.02
2020-10-17 00:00:00.000,Store_a,20135797.02
2020-10-18 00:00:00.000,Store_a,18034186.92
2020-10-19 00:00:00.000,Store_a,11693053.97
2020-10-20 00:00:00.000,Store_a,11760818.28
2020-10-21 00:00:00.000,Store_a,12408821.44
2020-10-22 00:00:00.000,Store_a,13104577.78
2020-10-23 00:00:00.000,Store_a,15505982.11
2020-10-24 00:00:00.000,Store_a,21148310.3
2020-10-25 00:00:00.000,Store_a,18448419.1
2020-10-26 00:00:00.000,Store_a,11041667.56
2020-10-27 00:00:00.000,Store_a,11347402.28
2020-10-28 00:00:00.000,Store_a,12577017.17
2020-10-29 00:00:00.000,Store_a,12756209.85
2020-10-30 00:00:00.000,Store_a,15498298.96
2020-10-31 00:00:00.000,Store_a,21416942.18
2020-11-01 00:00:00.000,Store_a,18396674.05
2020-11-02 00:00:00.000,Store_a,11742983.31
2020-11-03 00:00:00.000,Store_a,13358580.1
2020-11-04 00:00:00.000,Store_a,17500285.1
2020-11-05 00:00:00.000,Store_a,12591272.39
2020-11-06 00:00:00.000,Store_a,15626012.88
2020-11-07 00:00:00.000,Store_a,20100854.76
2020-11-08 00:00:00.000,Store_a,17847375.13
2020-11-09 00:00:00.000,Store_a,12326591.51
2020-11-10 00:00:00.000,Store_a,12916162.79
2020-11-11 00:00:00.000,Store_a,13557495.56
2020-11-12 00:00:00.000,Store_a,14232000.24
2020-11-13 00:00:00.000,Store_a,16634697.57
2020-11-14 00:00:00.000,Store_a,23525220.67
2020-11-15 00:00:00.000,Store_a,19877277.64
2020-11-16 00:00:00.000,Store_a,12665025.2
2020-11-17 00:00:00.000,Store_a,13373870.9
2020-11-18 00:00:00.000,Store_a,13999208.5
2020-11-19 00:00:00.000,Store_a,13829324.67
2020-11-20 00:00:00.000,Store_a,17425129.84
2020-11-21 00:00:00.000,Store_a,26054849.6
2020-11-22 00:00:00.000,Store_a,22136912.83
2020-11-23 00:00:00.000,Store_a,12508574.59
2020-11-24 00:00:00.000,Store_a,12904001.62
2020-11-25 00:00:00.000,Store_a,14668462.03
2020-11-26 00:00:00.000,Store_a,14966693.8
2020-11-27 00:00:00.000,Store_a,17884279.24
2020-11-28 00:00:00.000,Store_a,25335310.18
2020-11-29 00:00:00.000,Store_a,21062285.63
2020-11-30 00:00:00.000,Store_a,13041647.67
2020-12-01 00:00:00.000,Store_a,14357272.94
2020-12-02 00:00:00.000,Store_a,15213177.19
2020-12-03 00:00:00.000,Store_a,16484016.6
2020-12-04 00:00:00.000,Store_a,20239401.08
2020-12-05 00:00:00.000,Store_a,29438920.15
2020-12-06 00:00:00.000,Store_a,25239997.73
2020-12-07 00:00:00.000,Store_a,15336861.04
2020-12-08 00:00:00.000,Store_a,16406843.42
2020-12-09 00:00:00.000,Store_a,17704980.21
2020-12-10 00:00:00.000,Store_a,18903249.06
2020-12-11 00:00:00.000,Store_a,21657195.89
2020-12-12 00:00:00.000,Store_a,31952644.63
2020-12-13 00:00:00.000,Store_a,26219059.69
2020-12-14 00:00:00.000,Store_a,16240093.16
2020-12-15 00:00:00.000,Store_a,17866596.21
2020-12-16 00:00:00.000,Store_a,19066153.32
2020-12-17 00:00:00.000,Store_a,19666008.73
2020-12-18 00:00:00.000,Store_a,23177561.26
2020-12-19 00:00:00.000,Store_a,33579669.89
2020-12-20 00:00:00.000,Store_a,29167122.99
2020-12-21 00:00:00.000,Store_a,19706373.54
2020-12-22 00:00:00.000,Store_a,21302856.02
2020-12-23 00:00:00.000,Store_a,22831521.07
2020-12-24 00:00:00.000,Store_a,23811720.64
2020-12-25 00:00:00.000,Store_a,23545284.3
2020-12-26 00:00:00.000,Store_a,38348015.7
2020-12-27 00:00:00.000,Store_a,35999627.06
2020-12-28 00:00:00.000,Store_a,30445765.77
2020-12-29 00:00:00.000,Store_a,36724777.11
2020-12-30 00:00:00.000,Store_a,44218807.44
2020-12-31 00:00:00.000,Store_a,30165027.64
2021-01-01 00:00:00.000,Store_a,0
2021-01-02 00:00:00.000,Store_a,12730710.99
2021-01-03 00:00:00.000,Store_a,14102482.31
2021-01-04 00:00:00.000,Store_a,14268636.39
2021-01-05 00:00:00.000,Store_a,15485554.45
2021-01-06 00:00:00.000,Store_a,16108308.67
2021-01-07 00:00:00.000,Store_a,13244858.73
2021-01-08 00:00:00.000,Store_a,14696003.41
2021-01-09 00:00:00.000,Store_a,14644303.32
2021-01-10 00:00:00.000,Store_a,16581326.45
2021-01-11 00:00:00.000,Store_a,12980229.06
2021-01-12 00:00:00.000,Store_a,13153618.55
2021-01-13 00:00:00.000,Store_a,13407677.33
2021-01-14 00:00:00.000,Store_a,11374686.69
2021-01-15 00:00:00.000,Store_a,16244725.28
2021-01-16 00:00:00.000,Store_a,24413080.39
2021-01-17 00:00:00.000,Store_a,21589093.28
2021-01-18 00:00:00.000,Store_a,11643738.45
2021-01-19 00:00:00.000,Store_a,12229552.94
2021-01-20 00:00:00.000,Store_a,12780263.3
2021-01-21 00:00:00.000,Store_a,13108276.82
2021-01-22 00:00:00.000,Store_a,16907974.59
2021-01-23 00:00:00.000,Store_a,24013533.94
2021-01-24 00:00:00.000,Store_a,19848620.31
2021-01-25 00:00:00.000,Store_a,12366405.76
2021-01-26 00:00:00.000,Store_a,12201977.25
2021-01-27 00:00:00.000,Store_a,13579355.6
2021-01-28 00:00:00.000,Store_a,13395789.09
2021-01-29 00:00:00.000,Store_a,16168332.58
2021-01-30 00:00:00.000,Store_a,24187199.27
2021-01-31 00:00:00.000,Store_a,17887204.33
2021-02-01 00:00:00.000,Store_a,12293654.61
2021-02-02 00:00:00.000,Store_a,12067260.66
2021-02-03 00:00:00.000,Store_a,13536365.26
2021-02-04 00:00:00.000,Store_a,14496330.89
2021-02-05 00:00:00.000,Store_a,18452590
2021-02-06 00:00:00.000,Store_a,29323767.01
2021-02-07 00:00:00.000,Store_a,23162114.48
2021-02-08 00:00:00.000,Store_a,13086023.05
2021-02-09 00:00:00.000,Store_a,13074404.75
2021-02-10 00:00:00.000,Store_a,14397543.37
2021-02-11 00:00:00.000,Store_a,15185628.23
2021-02-12 00:00:00.000,Store_a,14566073.93
2021-02-13 00:00:00.000,Store_a,22236209.13
2021-02-14 00:00:00.000,Store_a,20193751.66
2021-02-15 00:00:00.000,Store_a,13001337.1
2021-02-16 00:00:00.000,Store_a,13124775.35
2021-02-17 00:00:00.000,Store_a,14640840.19
2021-02-18 00:00:00.000,Store_a,15921704.95
2021-02-19 00:00:00.000,Store_a,18582652.69
2021-02-20 00:00:00.000,Store_a,21021150.75
2021-02-21 00:00:00.000,Store_a,26985604.25
2021-02-22 00:00:00.000,Store_a,22428131.72
2021-02-23 00:00:00.000,Store_a,16024201.71
2021-02-24 00:00:00.000,Store_a,11817549.98
2021-02-25 00:00:00.000,Store_a,13084154.75
2021-02-26 00:00:00.000,Store_a,16723505.57
2021-02-27 00:00:00.000,Store_a,26168017.52
2021-02-28 00:00:00.000,Store_a,22182247.41
2021-03-01 00:00:00.000,Store_a,14843331.97
2021-03-02 00:00:00.000,Store_a,15888447.34
2021-03-03 00:00:00.000,Store_a,19808821.3
2021-03-04 00:00:00.000,Store_a,23760634.06
2021-03-05 00:00:00.000,Store_a,22848661.01
2021-03-06 00:00:00.000,Store_a,30500297.53
2021-03-07 00:00:00.000,Store_a,25948179.64
2021-03-08 00:00:00.000,Store_a,17693905.77
2021-03-09 00:00:00.000,Store_a,12359182.48
2021-03-10 00:00:00.000,Store_a,13777903.34
2021-03-11 00:00:00.000,Store_a,14526380.21
2021-03-12 00:00:00.000,Store_a,17798606.23
2021-03-13 00:00:00.000,Store_a,25884757.7
2021-03-14 00:00:00.000,Store_a,20537408.14
2021-03-15 00:00:00.000,Store_a,13128105.83
2021-03-16 00:00:00.000,Store_a,13497209.53
2021-03-17 00:00:00.000,Store_a,14100988.21
2021-03-18 00:00:00.000,Store_a,14429475.74
2021-03-19 00:00:00.000,Store_a,17925392.51
2021-03-20 00:00:00.000,Store_a,26783586.16
2021-03-21 00:00:00.000,Store_a,21946872.64
2021-03-22 00:00:00.000,Store_a,12144281.35
2021-03-23 00:00:00.000,Store_a,13037960.47
2021-03-24 00:00:00.000,Store_a,13366520.29
2021-03-25 00:00:00.000,Store_a,14273875.97
2021-03-26 00:00:00.000,Store_a,16899319.44
2021-03-27 00:00:00.000,Store_a,24438126.53
2021-03-28 00:00:00.000,Store_a,20947451.29
2021-03-29 00:00:00.000,Store_a,12939264.2
2021-03-30 00:00:00.000,Store_a,13133923.32
2021-03-31 00:00:00.000,Store_a,12976370.2
2021-04-01 00:00:00.000,Store_a,14436502.63
2021-04-02 00:00:00.000,Store_a,18519502.87
2021-04-03 00:00:00.000,Store_a,25172470.11
2021-04-04 00:00:00.000,Store_a,20964365.6
2021-04-05 00:00:00.000,Store_a,13700986.3
2021-04-06 00:00:00.000,Store_a,12618797.71
2021-04-07 00:00:00.000,Store_a,14219021.85
2021-04-08 00:00:00.000,Store_a,14221624.07
2021-04-09 00:00:00.000,Store_a,19216245.94
2021-04-10 00:00:00.000,Store_a,24950565.78
2021-04-11 00:00:00.000,Store_a,20385933.34
2021-04-12 00:00:00.000,Store_a,13911416.32
2021-04-13 00:00:00.000,Store_a,13153392.38
2021-04-14 00:00:00.000,Store_a,13570917.21
2021-04-15 00:00:00.000,Store_a,15705389.22
2021-04-16 00:00:00.000,Store_a,17995111.53
2021-04-17 00:00:00.000,Store_a,23094511.65
2021-04-18 00:00:00.000,Store_a,20989213.43
2021-04-19 00:00:00.000,Store_a,13210885.84
2021-04-20 00:00:00.000,Store_a,13551025
2021-04-21 00:00:00.000,Store_a,14223191.46
2021-04-22 00:00:00.000,Store_a,15406413.32
2021-04-23 00:00:00.000,Store_a,17114161.81
2021-04-24 00:00:00.000,Store_a,27427665.49
2021-04-25 00:00:00.000,Store_a,22918522.02
2021-04-26 00:00:00.000,Store_a,14393152.77
2021-04-27 00:00:00.000,Store_a,13987480
2021-04-28 00:00:00.000,Store_a,17119879.13
2021-04-29 00:00:00.000,Store_a,18532424.74
2021-04-30 00:00:00.000,Store_a,22488809.1
2021-05-01 00:00:00.000,Store_a,24697828.87
2021-05-02 00:00:00.000,Store_a,14993132.59
2021-05-03 00:00:00.000,Store_a,15943471.18
2021-05-04 00:00:00.000,Store_a,15356686.6
2021-05-05 00:00:00.000,Store_a,15330021.86
2021-05-06 00:00:00.000,Store_a,16056423.68
2021-05-07 00:00:00.000,Store_a,16910398.74
2021-05-08 00:00:00.000,Store_a,18145250.69
2021-05-09 00:00:00.000,Store_a,15637427.55
2021-05-10 00:00:00.000,Store_a,16672695.61
2021-05-11 00:00:00.000,Store_a,13058910.46
2021-05-12 00:00:00.000,Store_a,13829977.18
2021-05-13 00:00:00.000,Store_a,15331560.54
2021-05-14 00:00:00.000,Store_a,16735202.69
2021-05-15 00:00:00.000,Store_a,20604466.39
2021-05-16 00:00:00.000,Store_a,18212553.44
2021-05-17 00:00:00.000,Store_a,12815064.94
2021-05-18 00:00:00.000,Store_a,12739449.38
2021-05-19 00:00:00.000,Store_a,13756964.64
2021-05-20 00:00:00.000,Store_a,15832825.68
2021-05-21 00:00:00.000,Store_a,17849565.31
2021-05-22 00:00:00.000,Store_a,20022172.92
2021-05-23 00:00:00.000,Store_a,18249680.08
2021-05-24 00:00:00.000,Store_a,13223294.23
2021-05-25 00:00:00.000,Store_a,13465549.41
2021-05-26 00:00:00.000,Store_a,13511132.01
2021-05-27 00:00:00.000,Store_a,15366474.38
2021-05-28 00:00:00.000,Store_a,16591375.9
2021-05-29 00:00:00.000,Store_a,21097968.73
2021-05-30 00:00:00.000,Store_a,19589446.77
2021-05-31 00:00:00.000,Store_a,13243017.82
2021-06-01 00:00:00.000,Store_a,13495418.86
2021-06-02 00:00:00.000,Store_a,14451712.23
2021-06-03 00:00:00.000,Store_a,15322844.66
2021-06-04 00:00:00.000,Store_a,17578628.03
2021-06-05 00:00:00.000,Store_a,19054748.85
2021-06-06 00:00:00.000,Store_a,18337504.82
2021-06-07 00:00:00.000,Store_a,13479470.46
2021-06-08 00:00:00.000,Store_a,13909645.17
2021-06-09 00:00:00.000,Store_a,14482369.76
2021-06-10 00:00:00.000,Store_a,15306815.68
2021-06-11 00:00:00.000,Store_a,18430635.1
2021-06-12 00:00:00.000,Store_a,19658930.42
2021-06-13 00:00:00.000,Store_a,15122458.65
2021-06-14 00:00:00.000,Store_a,14409574.71
2021-06-15 00:00:00.000,Store_a,12468740.28
2021-06-16 00:00:00.000,Store_a,14076823.18
2021-06-17 00:00:00.000,Store_a,14781504.55
2021-06-18 00:00:00.000,Store_a,16344364.26
2021-06-19 00:00:00.000,Store_a,16950675.7
2021-06-20 00:00:00.000,Store_a,15316689.47
2021-06-21 00:00:00.000,Store_a,12438754.78
2021-06-22 00:00:00.000,Store_a,11775030.74
2021-06-23 00:00:00.000,Store_a,12926483.68
2021-06-24 00:00:00.000,Store_a,13594124.82
2021-06-25 00:00:00.000,Store_a,15633465.67
2021-06-26 00:00:00.000,Store_a,16362780.49
2021-06-27 00:00:00.000,Store_a,14872256.67
2021-06-28 00:00:00.000,Store_a,11063538.49
2021-06-29 00:00:00.000,Store_a,12383247.28
2021-06-30 00:00:00.000,Store_a,13130843.2
2021-07-01 00:00:00.000,Store_a,14355948.85
2021-07-02 00:00:00.000,Store_a,16771373.23
2021-07-03 00:00:00.000,Store_a,17987211.3
2021-07-04 00:00:00.000,Store_a,16478563.23
2021-07-05 00:00:00.000,Store_a,12517770.43
2021-07-06 00:00:00.000,Store_a,12724892.05
2021-07-07 00:00:00.000,Store_a,13078624.15
2021-07-08 00:00:00.000,Store_a,14434225.2
2021-07-09 00:00:00.000,Store_a,15812749.6
2021-07-10 00:00:00.000,Store_a,17850338.12
2021-07-11 00:00:00.000,Store_a,15771956.11
2021-07-12 00:00:00.000,Store_a,11512864.29
2021-07-13 00:00:00.000,Store_a,11944257.95
2021-07-14 00:00:00.000,Store_a,12572262.37
2021-07-15 00:00:00.000,Store_a,13590684.83
2021-07-16 00:00:00.000,Store_a,15149154.49
2021-07-17 00:00:00.000,Store_a,16370745.45
2021-07-18 00:00:00.000,Store_a,14976663.55
2021-07-19 00:00:00.000,Store_a,11292587.5
2021-07-20 00:00:00.000,Store_a,12410615.09
2021-07-21 00:00:00.000,Store_a,12562537.96
2021-07-22 00:00:00.000,Store_a,13870668.5
2021-07-23 00:00:00.000,Store_a,15463047.75
2021-07-24 00:00:00.000,Store_a,18011438.19
2021-07-25 00:00:00.000,Store_a,15336526.09
2021-07-26 00:00:00.000,Store_a,11695310.08
2021-07-27 00:00:00.000,Store_a,11940021.58
2021-07-28 00:00:00.000,Store_a,12751762.88
2021-07-29 00:00:00.000,Store_a,13864694.32
2021-07-30 00:00:00.000,Store_a,15523191.08
2021-07-31 00:00:00.000,Store_a,17335760.38
2021-08-01 00:00:00.000,Store_a,16022093.44
2021-08-02 00:00:00.000,Store_a,12487245.91
2021-08-03 00:00:00.000,Store_a,14108419.06
2021-08-04 00:00:00.000,Store_a,12939938.14
2021-08-05 00:00:00.000,Store_a,15088201.38
2021-08-06 00:00:00.000,Store_a,16535613.24
2021-08-07 00:00:00.000,Store_a,18567136.77
2021-08-08 00:00:00.000,Store_a,17267377.07
2021-08-09 00:00:00.000,Store_a,11727309.06
2021-08-10 00:00:00.000,Store_a,12946362.21
2021-08-11 00:00:00.000,Store_a,13235475.53
2021-08-12 00:00:00.000,Store_a,15263380.17
2021-08-13 00:00:00.000,Store_a,16817928.97
2021-08-14 00:00:00.000,Store_a,17753677.3
2021-08-15 00:00:00.000,Store_a,16940713.49
2021-08-16 00:00:00.000,Store_a,12512382.72
2021-08-17 00:00:00.000,Store_a,12654689.7
2021-08-18 00:00:00.000,Store_a,12494401.98
2021-08-19 00:00:00.000,Store_a,14254060.18
2021-08-20 00:00:00.000,Store_a,15657599.75
2021-08-21 00:00:00.000,Store_a,18578990.92
2021-08-22 00:00:00.000,Store_a,17606171.3
2021-08-23 00:00:00.000,Store_a,12883738.84
2021-08-24 00:00:00.000,Store_a,13598018.73
2021-08-25 00:00:00.000,Store_a,15135911.08
2021-08-26 00:00:00.000,Store_a,14918311.08
2021-08-27 00:00:00.000,Store_a,16730345.25
2021-08-28 00:00:00.000,Store_a,20288522.98
2021-08-29 00:00:00.000,Store_a,18903128.92
2021-08-30 00:00:00.000,Store_a,15058453.92
2021-08-31 00:00:00.000,Store_a,17051300.71
2021-09-01 00:00:00.000,Store_a,15099377.34
2021-09-02 00:00:00.000,Store_a,16232259.57
2021-09-03 00:00:00.000,Store_a,17729433.4
2021-09-04 00:00:00.000,Store_a,25186468.23
2021-09-05 00:00:00.000,Store_a,22188048.82
2021-09-06 00:00:00.000,Store_a,14191775.4
2021-09-07 00:00:00.000,Store_a,13916630.13
2021-09-08 00:00:00.000,Store_a,14786164
2021-09-09 00:00:00.000,Store_a,15460097.71
2021-09-10 00:00:00.000,Store_a,18021780.53
2021-09-11 00:00:00.000,Store_a,21201422.6
2021-09-12 00:00:00.000,Store_a,19626914.82
2021-09-13 00:00:00.000,Store_a,13436274.24
2021-09-14 00:00:00.000,Store_a,14089539.15
2021-09-15 00:00:00.000,Store_a,15197583.99
2021-09-16 00:00:00.000,Store_a,15493817.19
2021-09-17 00:00:00.000,Store_a,17859806.73
2021-09-18 00:00:00.000,Store_a,21967159.76
2021-09-19 00:00:00.000,Store_a,20691090.61
2021-09-20 00:00:00.000,Store_a,14396926.32
2021-09-21 00:00:00.000,Store_a,14071076.51
2021-09-22 00:00:00.000,Store_a,15284936.9
2021-09-23 00:00:00.000,Store_a,14531480.69
2021-09-24 00:00:00.000,Store_a,17988401.72
2021-09-25 00:00:00.000,Store_a,22541929.82
2021-09-26 00:00:00.000,Store_a,20914195.22
2021-09-27 00:00:00.000,Store_a,13388594.42
2021-09-28 00:00:00.000,Store_a,12968764.98
2021-09-29 00:00:00.000,Store_a,13463122.45
2021-09-30 00:00:00.000,Store_a,14160666.39
2021-10-01 00:00:00.000,Store_a,17536017.73
2021-10-02 00:00:00.000,Store_a,22191813.21
2021-10-03 00:00:00.000,Store_a,19258628.9
2021-10-04 00:00:00.000,Store_a,13829033.04
2021-10-05 00:00:00.000,Store_a,13404835.63
2021-10-06 00:00:00.000,Store_a,14819565.41
2021-10-07 00:00:00.000,Store_a,14637619.42
2021-10-08 00:00:00.000,Store_a,17638207.47
2021-10-09 00:00:00.000,Store_a,21637063.44
2021-10-10 00:00:00.000,Store_a,19600434.3
2021-10-11 00:00:00.000,Store_a,13238606.9
2021-10-12 00:00:00.000,Store_a,13433927.29
2021-10-13 00:00:00.000,Store_a,14436873.24
2021-10-14 00:00:00.000,Store_a,14957836.72
2021-10-15 00:00:00.000,Store_a,17758120.54
2021-10-16 00:00:00.000,Store_a,23694203.38
2021-10-17 00:00:00.000,Store_a,21456289.03
2021-10-18 00:00:00.000,Store_a,13102969.2
2021-10-19 00:00:00.000,Store_a,13226499.63
2021-10-20 00:00:00.000,Store_a,14323644.76
2021-10-21 00:00:00.000,Store_a,15738474.03
2021-10-22 00:00:00.000,Store_a,18016450.81
2021-10-23 00:00:00.000,Store_a,25295814.83
2021-10-24 00:00:00.000,Store_a,22649521.57
2021-10-25 00:00:00.000,Store_a,14945505.51
2021-10-26 00:00:00.000,Store_a,16755874.98
2021-10-27 00:00:00.000,Store_a,18476077.42
2021-10-28 00:00:00.000,Store_a,17298692.99
2021-10-29 00:00:00.000,Store_a,19481560.63
2021-10-30 00:00:00.000,Store_a,22189800.24
2021-10-31 00:00:00.000,Store_a,18478508.97
2021-11-01 00:00:00.000,Store_a,13787474.73
2021-11-02 00:00:00.000,Store_a,15476372.99
2021-11-03 00:00:00.000,Store_a,18662579.81
2021-11-04 00:00:00.000,Store_a,20051868.77
2021-11-05 00:00:00.000,Store_a,18645416.78
2021-11-06 00:00:00.000,Store_a,18317254.14
2021-11-07 00:00:00.000,Store_a,18207004.02
2021-11-08 00:00:00.000,Store_a,14343660.4
2021-11-09 00:00:00.000,Store_a,14931174.02
2021-11-10 00:00:00.000,Store_a,16115508.08
2021-11-11 00:00:00.000,Store_a,15771246.58
2021-11-12 00:00:00.000,Store_a,18948497.56
2021-11-13 00:00:00.000,Store_a,27858282.54
2021-11-14 00:00:00.000,Store_a,23625866.47
2021-11-15 00:00:00.000,Store_a,14892666.31
2021-11-16 00:00:00.000,Store_a,15001031.73
2021-11-17 00:00:00.000,Store_a,15523525.79
2021-11-18 00:00:00.000,Store_a,16111498.81
2021-11-19 00:00:00.000,Store_a,19312932.46
2021-11-20 00:00:00.000,Store_a,28087081.48
2021-11-21 00:00:00.000,Store_a,23996167.13
2021-11-22 00:00:00.000,Store_a,15191780.4
2021-11-23 00:00:00.000,Store_a,14897794.7
2021-11-24 00:00:00.000,Store_a,14767161.2
2021-11-25 00:00:00.000,Store_a,16412163.12
2021-11-26 00:00:00.000,Store_a,20053589.61
2021-11-27 00:00:00.000,Store_a,29015593.52
2021-11-28 00:00:00.000,Store_a,23464611.67
2021-11-29 00:00:00.000,Store_a,14926739.91
2021-11-30 00:00:00.000,Store_a,13665108.08
2021-12-01 00:00:00.000,Store_a,17099871.63
2021-12-02 00:00:00.000,Store_a,18650077.43
2021-12-03 00:00:00.000,Store_a,22192350.42
2021-12-04 00:00:00.000,Store_a,33360621.45
2021-12-05 00:00:00.000,Store_a,27884922.65
2021-12-06 00:00:00.000,Store_a,17834157.63
2021-12-07 00:00:00.000,Store_a,16868365.09
2021-12-08 00:00:00.000,Store_a,19037907.02
2021-12-09 00:00:00.000,Store_a,19732163.09
2021-12-10 00:00:00.000,Store_a,25045833.85
2021-12-11 00:00:00.000,Store_a,36430783.08
2021-12-12 00:00:00.000,Store_a,30779317.97
2021-12-13 00:00:00.000,Store_a,19354797.32
2021-12-14 00:00:00.000,Store_a,19952196.26
2021-12-15 00:00:00.000,Store_a,21354520.34
2021-12-16 00:00:00.000,Store_a,22554579.96
2021-12-17 00:00:00.000,Store_a,26128551.63
2021-12-18 00:00:00.000,Store_a,36572798.24
2021-12-19 00:00:00.000,Store_a,31531179.5
2021-12-20 00:00:00.000,Store_a,21682762.92
2021-12-21 00:00:00.000,Store_a,23121661.32
2021-12-22 00:00:00.000,Store_a,24184223.33
2021-12-23 00:00:00.000,Store_a,27752261.96
2021-12-24 00:00:00.000,Store_a,28606886.63
2021-12-25 00:00:00.000,Store_a,40187548.12
2021-12-26 00:00:00.000,Store_a,39215812.32
2021-12-27 00:00:00.000,Store_a,29772141.79
2021-12-28 00:00:00.000,Store_a,34484104.56
2021-12-29 00:00:00.000,Store_a,41591303.18
2021-12-30 00:00:00.000,Store_a,50320266.97
2021-12-31 00:00:00.000,Store_a,34676581.93
2022-01-01 00:00:00.000,Store_a,0
2022-01-02 00:00:00.000,Store_a,15682997.7
2022-01-03 00:00:00.000,Store_a,15757075.59
2022-01-04 00:00:00.000,Store_a,16658086.12
2022-01-05 00:00:00.000,Store_a,16476254.57
2022-01-06 00:00:00.000,Store_a,17632237.9
2022-01-07 00:00:00.000,Store_a,15452584.14
2022-01-08 00:00:00.000,Store_a,17463749.11
2022-01-09 00:00:00.000,Store_a,18430362.04
2022-01-10 00:00:00.000,Store_a,13998367.11
2022-01-11 00:00:00.000,Store_a,13734766.48
2022-01-12 00:00:00.000,Store_a,14569978.97
2022-01-13 00:00:00.000,Store_a,15240293.73
2022-01-14 00:00:00.000,Store_a,16968495.46
2022-01-15 00:00:00.000,Store_a,26535709.62
2022-01-16 00:00:00.000,Store_a,21815222.97
2022-01-17 00:00:00.000,Store_a,12707408.49
2022-01-18 00:00:00.000,Store_a,12996678.18
2022-01-19 00:00:00.000,Store_a,13551713.29
2022-01-20 00:00:00.000,Store_a,14074158.33
2022-01-21 00:00:00.000,Store_a,16989351.82
2022-01-22 00:00:00.000,Store_a,23938724.54
2022-01-23 00:00:00.000,Store_a,20328461.91
2022-01-24 00:00:00.000,Store_a,12923819.47
2022-01-25 00:00:00.000,Store_a,12978322.03
2022-01-26 00:00:00.000,Store_a,13453607.15
2022-01-27 00:00:00.000,Store_a,13758690.44
2022-01-28 00:00:00.000,Store_a,16462240.02
2022-01-29 00:00:00.000,Store_a,24223403.55
2022-01-30 00:00:00.000,Store_a,20499988.46
2022-01-31 00:00:00.000,Store_a,12699562.39
2022-02-01 00:00:00.000,Store_a,12957173.33
2022-02-02 00:00:00.000,Store_a,14049730.36
2022-02-03 00:00:00.000,Store_a,15482517.03
2022-02-04 00:00:00.000,Store_a,18609505.79
2022-02-05 00:00:00.000,Store_a,27061692.78
2022-02-06 00:00:00.000,Store_a,21357123.63
2022-02-07 00:00:00.000,Store_a,13722999.53
2022-02-08 00:00:00.000,Store_a,13873947.58
2022-02-09 00:00:00.000,Store_a,15081915.92
2022-02-10 00:00:00.000,Store_a,16001865.08
2022-02-11 00:00:00.000,Store_a,19216839.96
2022-02-12 00:00:00.000,Store_a,28984588.31
2022-02-13 00:00:00.000,Store_a,22657324.99
2022-02-14 00:00:00.000,Store_a,14794966.09
2022-02-15 00:00:00.000,Store_a,14374269.86
2022-02-16 00:00:00.000,Store_a,15775463.31
2022-02-17 00:00:00.000,Store_a,15491914.79
2022-02-18 00:00:00.000,Store_a,19463580.13
2022-02-19 00:00:00.000,Store_a,28207328.5
2022-02-20 00:00:00.000,Store_a,23262929.09
2022-02-21 00:00:00.000,Store_a,17245062.83
2022-02-22 00:00:00.000,Store_a,18374292.2
2022-02-23 00:00:00.000,Store_a,20361960.89
2022-02-24 00:00:00.000,Store_a,15408809.47
2022-02-25 00:00:00.000,Store_a,18832758.29
2022-02-26 00:00:00.000,Store_a,27032273.76
2022-02-27 00:00:00.000,Store_a,26075378.9
2022-02-28 00:00:00.000,Store_a,18971034.62
2022-03-01 00:00:00.000,Store_a,21622058.74
2022-03-02 00:00:00.000,Store_a,14875425.78
2022-03-03 00:00:00.000,Store_a,31394592.1
2022-03-04 00:00:00.000,Store_a,36006624.02
2022-03-05 00:00:00.000,Store_a,34399160.61
2022-03-06 00:00:00.000,Store_a,37130207.24
2022-03-07 00:00:00.000,Store_a,33970032.86
2022-03-08 00:00:00.000,Store_a,25947638.61
2022-03-09 00:00:00.000,Store_a,24491139.4
2022-03-10 00:00:00.000,Store_a,25054575.23
2022-03-11 00:00:00.000,Store_a,27545023.13
2022-03-12 00:00:00.000,Store_a,35560438.83
2022-03-13 00:00:00.000,Store_a,29809920.16
2022-03-14 00:00:00.000,Store_a,21517187.58
2022-03-15 00:00:00.000,Store_a,21541838.22
2022-03-16 00:00:00.000,Store_a,21314578.21
2022-03-17 00:00:00.000,Store_a,21016608.8
2022-03-18 00:00:00.000,Store_a,23645328.8
2022-03-19 00:00:00.000,Store_a,30705479.45
2022-03-20 00:00:00.000,Store_a,25890815.42
2022-03-21 00:00:00.000,Store_a,16448110.93
2022-03-22 00:00:00.000,Store_a,15142244.55
2022-03-23 00:00:00.000,Store_a,19345334.81
2022-03-24 00:00:00.000,Store_a,16474149.3
2022-03-25 00:00:00.000,Store_a,22328937.01
2022-03-26 00:00:00.000,Store_a,29589192.27
2022-03-27 00:00:00.000,Store_a,24579735.38
2022-03-28 00:00:00.000,Store_a,15078616.15
2022-03-29 00:00:00.000,Store_a,15796594.38
2022-03-30 00:00:00.000,Store_a,16866139.94
2022-03-31 00:00:00.000,Store_a,18653304.01
2022-04-01 00:00:00.000,Store_a,22145437
2022-04-02 00:00:00.000,Store_a,28433668.41
2022-04-03 00:00:00.000,Store_a,22556098.58
2022-04-04 00:00:00.000,Store_a,14967454.18
2022-04-05 00:00:00.000,Store_a,15936561.24
2022-04-06 00:00:00.000,Store_a,18259242.66
2022-04-07 00:00:00.000,Store_a,17577879.32
2022-04-08 00:00:00.000,Store_a,21401538.68
2022-04-09 00:00:00.000,Store_a,28522575.35
2022-04-10 00:00:00.000,Store_a,24513045.81
2022-04-11 00:00:00.000,Store_a,15031310.42
2022-04-12 00:00:00.000,Store_a,16676836.44
2022-04-13 00:00:00.000,Store_a,16959410.58
2022-04-14 00:00:00.000,Store_a,17943439.31
2022-04-15 00:00:00.000,Store_a,20230750.22
2022-04-16 00:00:00.000,Store_a,27910677.3
2022-04-17 00:00:00.000,Store_a,24223274.86
2022-04-18 00:00:00.000,Store_a,15679773.79
2022-04-19 00:00:00.000,Store_a,16341254.24
2022-04-20 00:00:00.000,Store_a,19013622.48
2022-04-21 00:00:00.000,Store_a,19341691.21
2022-04-22 00:00:00.000,Store_a,23301424.73
2022-04-23 00:00:00.000,Store_a,25702356.79
2022-04-24 00:00:00.000,Store_a,18906036.5
2022-04-25 00:00:00.000,Store_a,14463817.15
2022-04-26 00:00:00.000,Store_a,15367084.06
2022-04-27 00:00:00.000,Store_a,17201423.52
2022-04-28 00:00:00.000,Store_a,18355030.77
2022-04-29 00:00:00.000,Store_a,21964522.98
2022-04-30 00:00:00.000,Store_a,26505381.15
2022-05-01 00:00:00.000,Store_a,18207071.78
2022-05-02 00:00:00.000,Store_a,15901817.72
2022-05-03 00:00:00.000,Store_a,16553517.06
2022-05-04 00:00:00.000,Store_a,13801824.67
2022-05-05 00:00:00.000,Store_a,19222415.57
2022-05-06 00:00:00.000,Store_a,21668832.08
2022-05-07 00:00:00.000,Store_a,20695882.29
2022-05-08 00:00:00.000,Store_a,17364575.44
2022-05-09 00:00:00.000,Store_a,13135257.96
2022-05-10 00:00:00.000,Store_a,18770878.79
2022-05-11 00:00:00.000,Store_a,15135197.43
2022-05-12 00:00:00.000,Store_a,16118101.1
2022-05-13 00:00:00.000,Store_a,19576986.54
2022-05-14 00:00:00.000,Store_a,23046959.44
2022-05-15 00:00:00.000,Store_a,20871144.24
2022-05-16 00:00:00.000,Store_a,14839294.15
2022-05-17 00:00:00.000,Store_a,15237378.93
2022-05-18 00:00:00.000,Store_a,16682738.51
2022-05-19 00:00:00.000,Store_a,16368064.39
2022-05-20 00:00:00.000,Store_a,19768784.25
2022-05-21 00:00:00.000,Store_a,21011865.28
2022-05-22 00:00:00.000,Store_a,20852921.02
2022-05-23 00:00:00.000,Store_a,14588587.63
2022-05-24 00:00:00.000,Store_a,15021310.44
2022-05-25 00:00:00.000,Store_a,15910562.03
2022-05-26 00:00:00.000,Store_a,15915616.28
2022-05-27 00:00:00.000,Store_a,19545305.15
2022-05-28 00:00:00.000,Store_a,24401637.42
2022-05-29 00:00:00.000,Store_a,19503276.38
2022-05-30 00:00:00.000,Store_a,13780838.5
2022-05-31 00:00:00.000,Store_a,14568435.55
2022-06-01 00:00:00.000,Store_a,14880949.77
2022-06-02 00:00:00.000,Store_a,17133011.56
2022-06-03 00:00:00.000,Store_a,19584185.29
2022-06-04 00:00:00.000,Store_a,22298510.7
2022-06-05 00:00:00.000,Store_a,20435200.89
2022-06-06 00:00:00.000,Store_a,15241847.84
2022-06-07 00:00:00.000,Store_a,14863530.41
2022-06-08 00:00:00.000,Store_a,15575648.33
2022-06-09 00:00:00.000,Store_a,16865499.37
2022-06-10 00:00:00.000,Store_a,20270039.83
2022-06-11 00:00:00.000,Store_a,20530312.78
2022-06-12 00:00:00.000,Store_a,15526858.48
2022-06-13 00:00:00.000,Store_a,16207969.1
2022-06-14 00:00:00.000,Store_a,13603336.17
2022-06-15 00:00:00.000,Store_a,15754457.06
2022-06-16 00:00:00.000,Store_a,16019718.42
2022-06-17 00:00:00.000,Store_a,18128072.5
2022-06-18 00:00:00.000,Store_a,19880498.18
2022-06-19 00:00:00.000,Store_a,18373593.25
2022-06-20 00:00:00.000,Store_a,14363852.67
2022-06-21 00:00:00.000,Store_a,14660752.33
2022-06-22 00:00:00.000,Store_a,14083730.97
2022-06-23 00:00:00.000,Store_a,16916497.48
2022-06-24 00:00:00.000,Store_a,17548366.94
2022-06-25 00:00:00.000,Store_a,18806041.93
2022-06-26 00:00:00.000,Store_a,17243093.78
2022-06-27 00:00:00.000,Store_a,13538082.87
2022-06-28 00:00:00.000,Store_a,13565274.83
2022-06-29 00:00:00.000,Store_a,14959597.22
2022-06-30 00:00:00.000,Store_a,15852066.23
